"AssetClass","Symbol","DateTime","Quantity","Proceeds","IBCommission","NetCash","OrigTradePrice","Buy/Sell"
"FUT","MESH6","2026-02-02;095125","-1","34930","-0.62","-83.12","0","SELL"
"FUT","MESH6","2026-02-02;095906","1","-34860","-0.62","151.88","0","BUY"
"FUT","MESH6","2026-02-02;101632","-1","34982.5","-0.62","-30.62","0","SELL"
"FUT","MESH6","2026-02-02;101738","1","-34997.5","-0.62","14.38","0","BUY"
"FUT","MESH6","2026-02-02;101829","-1","34993.75","-0.62","-19.37","0","SELL"
"FUT","MESH6","2026-02-02;101900","1","-34993.75","-0.62","18.13","0","BUY"
"FUT","MESH6","2026-02-02;104308","-1","34991.25","-0.62","-21.87","0","SELL"
"FUT","MESH6","2026-02-02;104351","1","-34993.75","-0.62","18.13","0","BUY"
"FUT","MESH6","2026-02-02;104516","-1","34985","-0.62","-28.12","0","SELL"
"FUT","MESH6","2026-02-02;104615","1","-34978.75","-0.62","33.13","0","BUY"
"FUT","MESH6","2026-02-03;093934","-1","35020","-0.62","310.63","0","SELL"
"FUT","MESH6","2026-02-03;095938","1","-34912.5","-0.62","-204.37","0","BUY"
"FUT","MESH6","2026-02-03;100943","1","-34873.75","-0.62","-165.62","0","BUY"
"FUT","MESH6","2026-02-03;101044","-1","34878.75","-0.62","169.38","0","SELL"
"FUT","MESH6","2026-02-03;101101","-1","34867.5","-0.62","158.13","0","SELL"
"FUT","MESH6","2026-02-03;101130","1","-34861.25","-0.62","-153.12","0","BUY"
"FUT","MESH6","2026-02-03;101317","-1","34835","-0.62","125.63","0","SELL"
"FUT","MESH6","2026-02-03;101456","1","-34830","-0.62","-121.87","0","BUY"
"FUT","MESH6","2026-02-03;101505","1","-34835","-0.62","-126.87","0","BUY"
"FUT","MESH6","2026-02-03;101526","-1","34827.5","-0.62","118.13","0","SELL"
"FUT","MESH6","2026-02-04;093601","1","-34750","-0.62","-219.37","0","BUY"
"FUT","MESH6","2026-02-04;093620","-1","34765","-0.62","233.13","0","SELL"
"FUT","MESH6","2026-02-04;093728","1","-34745","-0.62","-214.37","0","BUY"
"FUT","MESH6","2026-02-04;093811","-1","34737.5","-0.62","205.63","0","SELL"
"FUT","MESH6","2026-02-04;094253","-1","34777.5","-0.62","245.63","0","SELL"
"FUT","MESH6","2026-02-04;094400","1","-34760","-0.62","-229.37","0","BUY"
"FUT","MESH6","2026-02-04;095721","-1","34663.75","-0.62","131.88","0","SELL"
"FUT","MESH6","2026-02-04;095854","1","-34630","-0.62","-99.37","0","BUY"
"FUT","MESH6","2026-02-04;100338","-1","34586.25","-0.62","54.38","0","SELL"
"FUT","MESH6","2026-02-04;100735","1","-34636.25","-0.62","-105.62","0","BUY"
"FUT","MESH6","2026-02-04;101051","-1","34656.25","-0.62","124.38","0","SELL"
"FUT","MESH6","2026-02-04;103557","1","-34623.75","-0.62","-93.12","0","BUY"
"FUT","MESH6","2026-02-04;103842","1","-34655","-0.62","-124.37","0","BUY"
"FUT","MESH6","2026-02-04;103918","-1","34702.5","-0.62","170.63","0","SELL"
"FUT","MESH6","2026-02-05;092154","-1","34241.25","-0.62","136.88","0","SELL"
"FUT","MESH6","2026-02-05;092157","1","-34237.5","-0.62","-134.37","0","BUY"
"FUT","MESH6","2026-02-05;093215","-1","34160","-0.62","55.63","0","SELL"
"FUT","MESH6","2026-02-05;094224","1","-34331.25","-0.62","-228.12","0","BUY"
"FUT","MESH6","2026-02-05;094231","1","-34343.75","-0.62","-240.62","0","BUY"
"FUT","MESH6","2026-02-05;094419","-1","34380","-0.62","275.63","0","SELL"
"FUT","MESH6","2026-02-05;094507","1","-34358.75","-0.62","-255.62","0","BUY"
"FUT","MESH6","2026-02-05;095616","-1","34270","-0.62","165.63","0","SELL"
"FUT","MESH6","2026-02-05;095708","-1","34252.5","-0.62","148.13","0","SELL"
"FUT","MESH6","2026-02-05;100033","1","-34218.75","-0.62","-115.62","0","BUY"
"FUT","MESH6","2026-02-05;100528","1","-34162.5","-0.62","-59.37","0","BUY"
"FUT","MESH6","2026-02-05;100559","-1","34167.5","-0.62","63.13","0","SELL"
"FUT","MESH6","2026-02-05;101628","-2","68257.5","-1.24","48.76","0","SELL"
"FUT","MESH6","2026-02-05;101650","2","-68235","-1.24","-28.74","0","BUY"
"FUT","MESH6","2026-02-05;101757","-2","68222.5","-1.24","13.76","0","SELL"
"FUT","MESH6","2026-02-05;102359","2","-68145","-1.24","61.26","0","BUY"
"FUT","MESH6","2026-02-05;102537","-2","68230","-1.24","21.26","0","SELL"
"FUT","MESH6","2026-02-05;102555","2","-68170","-1.24","36.26","0","BUY"
"FUT","MESH6","2026-02-05;102611","-2","68122.5","-1.24","-86.24","0","SELL"
"FUT","MESH6","2026-02-05;102716","2","-68095","-1.24","111.26","0","BUY"
"FUT","MESH6","2026-02-05;102807","-2","68087.5","-1.24","-121.24","0","SELL"
"FUT","MESH6","2026-02-05;103225","2","-68052.5","-1.24","153.76","0","BUY"
"FUT","MESH6","2026-02-05;103527","-1","34036.25","-0.62","-68.12","0","SELL"
"FUT","MESH6","2026-02-05;103606","1","-34022.5","-0.62","80.63","0","BUY"
"FUT","MESH6","2026-02-05;103621","-2","68057.5","-1.24","-151.24","0","SELL"
"FUT","MESH6","2026-02-05;103908","2","-68227.5","-1.24","-21.24","0","BUY"
"FUT","MESH6","2026-02-05;103938","-2","68202.5","-1.24","-6.24","0","SELL"
"FUT","MESH6","2026-02-05;104219","2","-68280","-1.24","-73.74","0","BUY"
"FUT","MESH6","2026-02-05;104356","-2","68202.5","-1.24","-6.24","0","SELL"
"FUT","MESH6","2026-02-05;111231","2","-68060","-1.24","146.26","0","BUY"
"FUT","MESH6","2026-02-05;111713","-2","68212.5","-1.24","3.76","0","SELL"
"FUT","MESH6","2026-02-05;112228","2","-68345","-1.24","-138.74","0","BUY"
"FUT","MESH6","2026-02-09;101837","-1","34825","-0.62","-91.87","0","SELL"
"FUT","MESH6","2026-02-09;102450","1","-34823.75","-0.62","91.88","0","BUY"
"FUT","MESH6","2026-02-09;103512","1","-34871.25","-0.62","44.38","0","BUY"
"FUT","MESH6","2026-02-09;103555","-1","34880","-0.62","-36.87","0","SELL"
"FUT","MESH6","2026-02-09;105509","-1","34903.75","-0.62","-13.12","0","SELL"
"FUT","MESH6","2026-02-09;110116","1","-34932.5","-0.62","-16.87","0","BUY"
"FUT","MESH6","2026-02-09;110409","-1","34930","-0.62","13.13","0","SELL"
"FUT","MESH6","2026-02-09;112856","1","-34943.75","-0.62","-28.12","0","BUY"
"FUT","MESH6","2026-02-09;114754","1","-34967.5","-0.62","-51.87","0","BUY"
"FUT","MESH6","2026-02-09;115538","-1","34978.75","-0.62","61.88","0","SELL"
"FUT","MESH6","2026-02-11;094534","-1","34992.5","-0.62","189.38","0","SELL"
"FUT","MESH6","2026-02-11;094656","1","-34972.5","-0.62","-170.62","0","BUY"
"FUT","MESH6","2026-02-11;094846","-1","34987.5","-0.62","184.38","0","SELL"
"FUT","MESH6","2026-02-11;094925","1","-34977.5","-0.62","-175.62","0","BUY"
"FUT","MESH6","2026-02-11;095134","-1","34973.75","-0.62","170.63","0","SELL"
"FUT","MESH6","2026-02-11;095223","1","-34963.75","-0.62","-161.87","0","BUY"
"FUT","MESH6","2026-02-11;095506","-1","34965","-0.62","161.88","0","SELL"
"FUT","MESH6","2026-02-11;095626","1","-34940","-0.62","-138.12","0","BUY"
"FUT","MESH6","2026-02-11;095904","1","-34891.25","-0.62","-89.37","0","BUY"
"FUT","MESH6","2026-02-11;095922","-1","34897.5","-0.62","94.38","0","SELL"
"FUT","MESH6","2026-02-11;102037","-1","34725","-0.62","-78.12","0","SELL"
"FUT","MESH6","2026-02-11;102055","1","-34713.75","-0.62","88.13","0","BUY"
"FUT","MESH6","2026-02-11;102517","-1","34688.75","-0.62","-114.37","0","SELL"
"FUT","MESH6","2026-02-11;102606","1","-34666.25","-0.62","135.63","0","BUY"
"FUT","MESH6","2026-02-11;102735","-1","34688.75","-0.62","-114.37","0","SELL"
"FUT","MESH6","2026-02-11;102754","1","-34673.75","-0.62","128.13","0","BUY"
